S.No,Predicted Values,Predicted Vales(Normalization),Actual values,0_new,0_new1,0
0,4.10000000004,4.19609677744,4.1
1,3.79999999954,4.26007341737,3.9
2,4.29999999918,4.24621171323,4.7
3,4.59999999886,4.28829212797,4.5
4,4.10000000046,4.19440267011,4.3
5,4.29999999859,4.1485701307,4.4
6,4.29999999949,4.22303899183,3.8
7,4.19999999889,4.26597656728,4.1
8,4.29999999938,4.24055070439,4.4
9,4.39999999895,4.31899197969,4.7
10,4.39999999867,4.31448605538,4.4
11,3.90000000001,4.25124906156,4.4
12,4.30000000185,4.21084303015,4.2
13,4.49999999976,4.21252969901,4.6
14,4.29999999903,4.17749209078,4.4
15,3.5000000004,4.23019280008,4.7
16,4.20000000064,4.22283242692,4.5
17,4.0999999996,4.17746807292,4.3
18,4.09999999945,4.24147431023,4.6
19,4.69999999818,4.27890849027,4.0
20,4.49999999897,4.28135814059,4.1
21,3.30000000083,4.2098210358,4.7
22,4.19999999891,4.65698566519,4.7
23,4.19999999987,4.23385515374,4.8
24,4.59999999811,4.27106728826,4.7
25,4.29999999783,4.33590756465,4.1
26,4.29999999895,4.15187156182,3.9
27,3.99999999958,4.13119994137,4.1
28,4.69999999835,4.23364106707,4.2
29,4.99999999722,4.27822512707,4.1
30,4.99999999793,4.23154479787,4.5
31,4.89999999798,4.23103327782,4.2
32,4.29999999956,4.21460086617,4.7
33,4.0000000003,4.31313946063,3.8
34,4.49999999874,4.224931532,4.7
35,4.09999999946,4.13347661532,4.1
36,4.29999999777,4.39005397589,4.7
37,4.4999999993,4.20353130891,4.0
38,3.89999999968,4.17298662338,4.2
39,3.70000000004,4.17546074814,4.5
40,4.19999999907,4.14751990114,4.4
41,3.60000000023,4.08576229711,3.8
42,3.59999999917,4.37379396861,4.2
43,2.10000000332,4.15504220583,4.7
44,4.69999999809,4.17799733042,4.6
45,3.20000000154,3.88744908724,4.2
46,3.0000000016,4.16471909595,4.3
47,4.29999999864,4.30430243653,4.2
48,3.00000000138,3.53242628465,4.0
49,4.29999999867,4.24732372703,3.8
50,3.89999999956,4.17948867304,4.6
51,3.30000000136,3.74337647511,3.9
52,4.29999999925,4.05624229059,4.3
53,4.00000000001,4.11825067543,4.9
54,3.69999999898,4.32779027749,4.4
55,2.80000000196,4.18238888387,4.2
56,4.39999999843,4.18560868944,4.0
57,4.99999999778,4.22517930936,3.9
58,3.89999999981,4.01728969146,4.6
59,4.19999999945,3.8815519431,4.9
60,4.79999999741,4.29753658337,4.3
61,3.99999999946,4.19354134914,4.6
62,3.00000000138,3.67252016137,4.9
63,4.49999999887,4.15303671322,3.9
64,2.60000000232,3.90180315903,4.0
65,4.99999999691,4.43634407277,4.3
66,4.99999999754,4.75250872027,3.9
67,4.09999999948,4.09513315832,4.2
68,4.49999999911,3.85001266151,4.8
69,4.99999999815,4.18684468554,3.6
70,4.69999999858,4.29120298972,4.2
71,4.49999999864,4.22424244275,4.8
72,4.39999999947,4.3381457195,4.8
73,4.40000000589,4.4107244132,4.6
74,4.29999999918,4.3564972777,4.5
75,4.1999999988,4.11632479405,4.3
76,3.00000000119,4.09033865091,4.5
77,4.09999999921,4.21037816678,4.9
78,4.19999999944,4.26510590307,3.9
79,4.19999999891,4.25395919488,4.4
80,3.99999999921,4.20703676201,4.0
81,4.29999999915,4.26294704242,4.3
82,4.09999999904,4.10813718208,3.7
83,3.59999999983,4.17627630261,4.4
84,4.29999999863,3.99203550472,4.3
85,4.99999999726,4.24128447351,3.2
86,4.19999999885,4.21245693297,4.6
87,3.89999999958,4.18198845865,4.6
88,4.09999999912,4.24668492482,4.5
89,3.79999999963,4.05444955372,3.7
90,4.99999999723,4.38592356329,4.6
91,3.69999999986,4.1866711599,4.6
92,4.29999999867,4.18800349765,4.6
93,4.19999999887,4.1973516756,4.0
94,4.29999999896,4.21131442077,4.4
95,2.50000000295,3.5866462315,4.0
96,4.29999999913,4.21303747296,4.7
97,4.39999999855,4.2819197585,4.9
98,4.29999999894,4.22372234849,4.7
99,4.19999999883,4.04068373142,3.9
100,4.59999999833,4.21012522445,3.9
101,3.99999999914,4.03566920388,4.2
102,2.90000000132,4.00912440237,4.6
103,4.49999999897,4.28631209309,4.3
104,4.69999999858,4.2887139576,4.7
105,3.80000000015,4.05293832206,4.7
106,4.69999999868,4.30704187298,4.8
107,3.89999999939,4.25954173309,4.2
108,4.49999999846,4.45168134399,4.3
109,4.70000000997,4.36143883247,4.5
110,4.49999999918,4.29116662409,4.1
111,4.19999999971,4.17708743283,4.2
112,4.29999999926,4.23565560063,4.5
113,4.39999999901,4.25532025285,4.4
114,4.7999999975,4.40689424991,4.0
115,4.20000000662,4.28590265227,4.1
116,4.09999999971,4.22855019754,4.1
117,4.49999999821,4.17257629471,4.4
118,4.49999999863,4.18861077935,4.6
119,4.59999999842,4.33443317156,4.5
120,4.39999999878,4.33570603318,3.9
121,4.09999999937,4.22668413373,4.4
122,4.30000000228,4.21494091154,4.6
123,4.69999999788,4.30414554278,3.8
124,4.40000000044,4.22086121457,4.0
125,4.2000000002,4.35338196676,4.3
126,4.30000000004,4.21100622558,4.5
127,4.49999999937,4.35512967674,4.1
128,4.30000000014,4.17851869516,3.7
129,4.79999999911,4.26753083513,4.7
130,4.49999999883,4.27474559846,4.2
131,4.59999999852,4.28876856467,4.6
132,4.69999999987,4.37749570444,4.5
133,4.40000000011,4.43261861957,4.6
134,4.09999999907,4.17087540295,4.4
135,4.29999999866,4.05985371439,4.2
136,4.1999999993,4.14106049804,4.5
137,4.1999999993,4.1694214629,4.5
138,3.60000000007,4.22479421778,4.5
139,2.8000000015,4.20874702352,4.5
140,3.89999999944,4.19852100747,4.4
141,3.79999999962,4.20483409517,4.5
142,4.3999999984,4.04767151408,4.6
143,3.69999999981,4.21572290466,4.8
144,2.70000000072,4.2036371341,3.9
145,3.79999999954,4.09845746808,4.6
146,3.20000000079,4.04184264844,4.2
147,3.89999999975,4.0721424771,4.1
148,2.30000000281,4.2029195991,4.7
149,4.09999999939,4.16018971909,4.2
150,4.29999999899,4.11502144127,4.3
151,3.10000000091,4.14601530092,3.3
152,4.59999999843,4.36265823608,4.6
153,4.09999999901,4.00103823326,4.8
154,4.3999999976,4.26734739526,4.7
155,3.20000000138,4.18145713161,4.1
156,4.49999999828,4.02096585152,4.6
157,3.69999999996,4.13970179815,4.1
158,4.39999999846,3.99953235627,4.6
159,4.49999999818,4.14710180115,4.7
160,4.99999999735,4.39378386984,4.5
161,4.79999999774,4.60634285086,3.9
162,4.59999999809,4.06254874237,4.4
163,3.99999999853,4.65048388794,4.3
164,4.09999999907,4.20458768371,4.2
165,4.09999999993,3.94100229065,4.5
166,4.79999999785,4.15720291482,4.4
167,4.29999999882,4.08155867867,3.4
168,2.80000000111,4.0510101241,4.9
169,4.69999999837,4.55389699285,4.6
170,4.49999999984,4.34250935006,4.4
171,4.19999999949,4.21972590328,4.4
172,4.30000000118,4.23053564438,4.4
173,3.80000000032,4.20085244089,4.4
174,3.80000000021,4.13713407345,3.5
175,4.1999999994,4.29631562198,4.4
176,3.80000000024,4.1878601148,4.1
177,3.99999999934,4.28459055733,4.3
178,3.99999999974,4.2199081182,4.4
179,4.59999999811,3.93458593345,4.3
180,3.99999999977,4.18339450558,4.3
181,4.29999999822,4.09844917155,4.1
182,4.29999999868,4.05124692745,4.4
183,3.89999999996,4.1845617917,4.3
184,4.99999999791,4.34910030322,3.9
185,3.9999999997,4.15954329932,4.8
186,4.10000000029,4.24198143577,4.5
187,3.89999999994,4.17739598703,4.4
188,4.19999999944,3.95210439675,4.0
189,4.29999999903,4.30585187697,4.3
190,4.49999999848,4.278431418,4.0
191,4.39999999897,4.21303003589,4.2
192,4.0999999995,4.11221819991,4.5
193,4.19999999974,4.18133417114,4.2
194,4.49999999862,4.16115358117,4.2
195,4.59999999914,4.20968074983,4.6
196,4.09999999986,4.23657329319,4.1
197,3.90000000002,4.17527749093,4.6
198,4.69999999846,4.34540892827,3.1
199,3.89999999991,4.18746733913,3.9
200,4.29999999951,4.28244095512,4.3
201,2.90000000147,3.96102370372,4.1
202,4.39999999758,4.0115949748,4.4
203,3.69999999997,3.798254354,4.1
204,4.39999999776,4.2011933717,4.1
205,4.09999999908,4.17775084518,4.5
206,2.800000002,4.07926091972,4.4
207,4.8999999976,4.29451903472,4.4
208,3.40000000054,3.95795763681,4.3
209,2.80000000198,4.05169902332,4.4
210,2.50000000195,4.17686596342,4.6
211,4.69999999842,4.19959156571,4.2
212,3.10000000008,4.30360413486,4.4
213,3.20000000119,4.19065823176,4.7
214,4.29999999956,4.00825694499,3.8
215,3.8999999999,3.9553646763,3.9
216,3.60000000045,4.15639627028,4.3
217,3.20000000094,3.14418689219,4.2
218,3.49999999949,4.26266216291,4.4
219,3.30000000092,3.88507008039,4.7
220,2.4000000024,3.91128735558,4.5
221,4.39999999863,4.19464374973,4.2
222,2.80000000158,3.3345959654,4.7
223,4.99999999735,4.468966503,4.8
224,4.39999999878,4.16570542692,4.2
225,4.99999999735,4.3876653548,4.2
226,3.3000000014,3.9404758656,4.3
227,2.90000000219,3.87017303127,4.4
228,4.09999999989,1.61013961784,4.4
229,4.59999999892,3.98022774263,4.1
230,2.20000000349,3.90139771348,3.8
231,4.29999999919,4.28970891838,4.3
232,4.99999999747,4.17248428661,3.8
233,2.50000000294,4.12240114251,3.5
234,3.00000000194,4.06565395445,4.1
235,3.70000000063,4.09994469951,4.6
236,4.99999999735,4.40868779751,4.3
237,4.99999999692,5.85714874148,4.5
238,4.09999999903,4.15897551697,4.1
239,4.09999999988,4.16075135462,4.5
240,2.60000000277,4.14912364631,4.6
241,4.59999999805,4.27409191098,4.0
242,4.49999999835,4.34558573447,4.2
243,4.49999999897,5.25781771051,4.4
244,3.3000000006,4.10370392855,4.4
245,4.39999999843,4.20918481386,4.0
246,4.69999999841,4.29801279711,4.2
247,4.69999999793,4.29906773085,4.2
248,3.99999999924,4.1575678252,4.1
249,4.49999999818,4.03459232351,4.0
250,4.29999999922,4.01675910997,3.8
251,4.59999999812,4.13438707415,3.9
252,4.69999999867,4.44113709868,3.9
253,4.39999999885,4.32322651615,4.2
254,3.99999999931,4.28610670708,4.2
255,4.19999999948,4.23748554242,4.3
256,4.30000000081,4.18875463829,4.4
257,4.09999999964,4.19897725293,4.4
258,4.49999999942,4.25623998306,4.1
259,4.29999999792,4.17952968287,3.8
260,4.29999999968,4.23404637551,4.3
261,4.69999999897,4.32219340046,3.8
262,4.09999999952,4.18305684704,3.5
263,4.30000000022,4.33291404658,4.1
264,4.4000000003,4.18455375676,4.6
265,3.100000001,4.15947071113,4.3
266,3.99999999939,4.25130536708,4.5
267,4.49999999899,4.17004324655,4.1
268,4.49999999915,4.21149081832,4.5
269,4.39999999919,4.3875159516,4.6
270,4.1999999995,4.25525354002,4.0
271,4.59999999945,4.2902246311,4.2
272,4.39999999766,4.29764560431,4.3
273,4.59999999868,4.32579100117,4.2
274,3.99999999973,4.24802633282,4.4
275,4.59999999869,4.24196934294,4.7
276,4.2999999993,4.24373488576,4.5
277,4.29999999926,4.34181781575,4.2
278,3.90000000004,4.18697541071,4.7
279,4.49999999897,4.34107011369,4.8
280,4.69999999849,4.20600265852,4.1
281,4.29999999922,4.16339494827,4.3
282,4.59999999868,4.22589857331,4.4
283,4.59999999801,4.19162075364,4.5
284,4.19999999944,4.168673467,4.3
285,4.29999999925,4.25299604472,4.5
286,4.60000000327,4.23861793303,4.6
287,4.19999999959,4.42702362868,4.7
288,4.09999999964,4.16018278021,4.7
289,4.59999999866,4.30866404714,4.8
290,4.39999999906,4.15311674828,3.9
291,3.69999999995,4.33682524247,4.1
292,4.39999999854,4.14236235678,4.4
293,3.8999999994,4.16964970593,4.6
294,4.29999999916,4.21070324077,4.5
295,4.2999999997,4.24679837022,4.7
296,4.29999999927,4.19563454438,4.4
297,4.49999999831,4.16978334264,4.5
298,4.49999999892,4.28564344766,3.9
299,4.49999999821,4.1708910267,3.2
300,4.49999999862,4.09916211721,3.2
301,4.69999999781,4.03879796474,4.1
302,4.2999999987,4.16874271068,4.5
303,4.39999999899,4.15890060295,4.2
304,4.49999999843,4.15348074178,4.2
305,4.29999999892,4.01081328186,3.7
306,4.2999999987,4.1704204305,4.5
307,4.19999999777,4.1224204724,4.6
308,4.19999999911,4.09639094185,4.5
309,4.29999999913,4.17711697315,4.7
310,4.19999999912,3.99058248334,4.4
311,4.69999999843,4.21446557782,3.5
312,4.09999999908,4.1671610917,3.3
313,4.29999999881,4.06159974585,4.5
314,4.09999999957,4.14943859261,4.4
315,3.79999999991,4.28363636006,4.2
316,4.49999999856,3.68369176112,5.0
317,4.09999999909,4.17091875527,4.4
318,4.29999999881,4.0546741251,4.7
319,4.49999999854,4.13693414544,4.4
320,4.09999999932,3.96792839558,4.4
321,4.39999999898,3.89627882986,4.6
322,4.2999999987,4.16627360717,4.0
323,4.3999999985,4.13241604768,4.4
324,4.29999999869,4.1188284206,4.3
325,4.09999999919,4.03596987906,4.3
326,4.59999999836,4.13939868328,4.4
327,4.6999999978,3.98434235444,4.3
328,4.19999999901,3.92221818328,4.0
329,3.69999999973,3.7702916641,4.3
330,4.69999999805,4.0419784983,4.3
331,4.39999999861,4.05759472678,4.4
332,4.69999999792,4.2298225063,4.3
333,4.19999999889,4.04775889487,4.3
334,4.59999999826,4.22984285576,4.3
335,4.49999999831,4.1199181245,4.3
336,4.79999999773,4.24678460322,4.3
337,3.70000000008,4.00882906157,4.0
338,4.29999999758,4.11790167784,4.5
339,4.19999999913,4.10888737403,4.3
340,3.59999999961,4.01517615322,3.7
341,4.0999999987,4.11163145073,4.5
342,2.30000000165,4.02246565889,3.9
343,4.29999999856,4.15014380495,4.4
344,4.59999999775,4.24247662578,3.6
345,4.49999999829,4.37798918144,4.4
346,3.99999999839,4.26673436834,4.2
347,4.1999999988,4.22615133957,4.4
348,4.59999999835,4.10507223297,4.1
349,4.19999999886,4.321488602,4.4
350,4.49999999825,4.29539874664,4.3
351,4.2999999983,4.20078712693,4.2
352,4.39999999849,4.18503798142,4.2
353,3.59999999989,4.2065747854,4.4
354,3.99999999841,4.36978527626,4.4
355,2.80000000242,4.10597078139,3.9
356,3.79999999957,4.24271254097,4.2
357,4.09999999932,4.17295359032,4.4
358,3.79999999967,4.46385129572,4.6
359,3.39999999956,4.11930233427,4.3
360,4.49999999787,4.13711300893,4.3
361,4.29999999872,4.42706564058,4.4
362,3.1000000006,4.04623304418,3.7
363,4.59999999806,4.33422276273,4.3
364,3.30000000081,4.16234729796,3.9
365,3.89999999937,4.11716965781,4.5
366,4.19999999909,4.20675223966,3.7
367,4.89999999754,4.20802344166,4.3
368,3.89999999934,4.1892015733,4.4
369,3.40000000005,4.17361836488,4.0
370,3.70000000052,4.17690088017,4.3
371,4.19999999855,4.34230909735,4.0
372,3.79999999927,4.20787398076,4.3
373,4.59999999802,4.29478025395,4.0
374,4.39999999876,4.22478092716,4.1
375,3.99999999853,4.34189099582,4.2
376,4.19999999849,4.17580409812,4.2
377,4.19999999849,4.06807891266,4.2
378,4.49999999877,4.30466381733,4.1
379,4.59999999864,4.08867283388,4.4
380,4.39999999934,4.19290497442,4.3
381,4.59999999872,4.27499100444,4.2
382,4.50000000082,4.19744072631,4.4
383,3.70000000032,4.17686641344,4.2
384,4.09999999894,3.97469417525,4.1
385,4.19999999887,4.21580624362,4.3
386,3.99999999929,4.25864843071,4.3
387,4.49999999816,4.16424911781,4.5
388,4.59999999794,4.1620707935,4.3
389,4.49999999893,4.47816754429,4.2
390,4.39999999962,4.27919699456,4.2
391,3.30000000137,4.19172575391,4.5
392,4.19999999886,4.15871679874,4.3
393,4.19999999924,4.22477790042,4.3
394,3.99999999929,4.29417864256,4.3
395,3.99999999892,4.09740603582,4.4
396,3.99999999921,4.17405977522,4.2
397,3.50000000024,4.17371715633,4.3
398,4.49999999988,4.35023800832,4.3
399,3.89999999947,4.17284858259,4.4
400,3.89999999956,4.21631483656,4.6
401,4.09999999901,4.13438456112,4.3
402,4.39999999846,4.23962596163,4.4
403,4.1999999988,4.00298767888,4.2
404,4.3999999985,4.1897592874,4.5
405,4.2999999987,4.20785823824,4.5
406,4.0999999992,4.46607640777,4.4
407,3.99999999922,4.1545730259,4.5
408,4.29999999863,3.7846946058,4.1
409,4.3999999985,4.28688920211,4.2
410,4.49999999823,4.06272724773,4.1
411,4.59999999801,4.15902837883,4.3
412,3.69999999982,4.17881176346,4.1
413,3.80000000021,4.17041580786,4.2
414,3.40000000043,4.13692341751,4.0
415,4.29999999853,4.16079604517,4.2
416,3.79999999935,4.39347001143,4.2
417,4.69999999791,4.09465991233,4.2
418,4.39999999917,4.20554275516,4.3
419,4.39999999844,4.00650533516,4.3
420,4.09999999901,4.1661766856,4.4
421,4.39999999843,4.19220395191,4.2
422,3.9999999983,4.25136409549,4.4
423,3.89999999947,4.17173596583,4.1
424,4.2999999986,4.05695359033,4.2
425,4.19999999881,4.01804532491,4.8
426,3.30000000059,4.22065126713,4.4
427,3.99999999927,3.99111732121,4.4
428,4.59999999821,4.43366937029,4.4
429,4.09999999902,4.19664438772,4.0
430,4.09999999904,4.22462712509,4.5
431,3.40000000056,4.19651236249,4.4
432,3.40000000036,4.16425230528,4.1
433,4.09999999964,4.18942471139,4.2
434,3.99999999966,4.14348617582,4.5
435,3.40000000097,4.20566709455,4.3
436,3.2000000012,4.1506596299,4.5
437,3.80000000036,4.16404076726,4.0
438,3.80000000037,4.18008138946,4.3
439,3.89999999993,4.01291088658,4.3
440,3.60000000055,4.14345432519,4.2
441,3.80000000007,4.03221507701,4.5
442,3.89999999934,4.02601855003,4.6
443,3.2000000013,3.99198897779,4.1
444,1.00000000547,3.65904719722,4.0
445,4.59999999855,4.04293042561,4.2
446,3.59999999918,4.69895238549,4.6
447,4.89999999751,4.25835536098,4.1
448,2.6000000024,2.42567371015,4.3
449,3.90000000015,4.2253176899,4.2
450,3.50000000047,4.10737029502,4.3
451,3.20000000075,4.17593467756,4.0
452,3.30000000105,3.42811189794,4.3
453,3.79999999951,4.18472169957,4.2
454,3.90000000036,4.22878635173,4.3
455,4.59999999979,4.43917592332,4.1
456,1.80000000404,4.05559387399,4.2
457,4.29999999869,4.22572208545,4.1
458,3.8999999999,4.42601468334,4.6
459,4.79999999773,4.29113535087,4.3
460,3.70000000053,4.1573282933,4.2
461,3.99999999952,4.21218121391,4.2
462,4.09999999955,4.23001687519,4.3
463,4.59999999859,4.25437164637,4.2
464,3.9999999997,3.96777089088,2.6
465,4.7999999973,4.36005658095,3.5
466,3.99999999983,3.98358231308,4.0
467,3.5000000002,4.22461287713,4.1
468,3.00000000026,4.23545423505,3.7
469,4.59999999812,4.2726079779,4.1
470,1.60000000431,3.97008890549,4.2
471,3.79999999963,4.12246314271,4.5
472,1.7000000041,4.14016017845,4.4
473,4.59999999834,4.70803105652,4.2
474,4.99999999734,4.29464795822,4.0
475,4.59999999738,4.91543110594,4.1
476,4.39999999879,4.31202913674,3.1
477,4.50000000111,4.57566490907,4.4
478,3.79999999965,4.17097489667,4.2
479,3.99999999819,4.28690896645,4.1
480,4.09999999939,3.8638080815,3.9
481,4.99999999753,4.30324555648,4.3
482,4.99999999703,4.31517021127,4.4
483,1.00000000544,4.13581068889,3.5
484,4.40000000028,4.40859813773,4.0
485,4.69999999784,4.16833893728,3.3
486,4.59999999825,4.24386505806,4.5
487,2.40000000197,4.21021101406,4.4
488,4.4999999985,4.18376629395,4.1
489,4.3999999991,4.22219063979,3.9
490,4.29999999853,4.24749514296,3.9
491,4.99999999624,4.93577052565,3.6
492,4.09999999939,4.30817651283,4.0
493,3.79999999953,4.14972976663,3.6
494,3.89999999996,4.12043648592,3.4
495,3.10000000179,3.89529739337,4.2
496,4.6999999984,4.31181688522,4.1
497,4.5000000232,4.56517098423,3.4
498,3.50000000009,4.17279909385,3.0
499,4.50000002459,4.5877613998,4.6
500,4.59999999938,4.30004562293,4.1
501,4.49999999963,4.30932082599,3.9
502,4.49999999893,4.37365353423,1.9
503,4.39999999894,4.29659478328,3.5
504,4.30000000013,4.52033529182,2.5
505,4.39999999928,4.22839559883,3.9
506,4.19999999936,4.22761689265,3.4
507,4.59999999754,4.22090604148,3.5
508,4.49999999875,4.299285433,4.4
509,3.79999999963,4.02340618993,3.8
510,4.29999999915,4.26806718902,4.2
511,4.59999999838,4.20657858293,2.5
512,4.29999999927,4.20904216944,2.8
513,3.60000000049,4.20040211796,4.1
514,4.19999999939,4.20783599867,4.2
515,4.69999999862,4.5558442428,3.5
516,4.2999999992,4.24186701852,4.3
517,4.69999999818,4.29687411448,3.3
518,4.79999999773,4.22535350206,4.1
519,3.10000000126,3.96190790361,4.2
520,4.49999999815,4.4797814039,3.5
521,4.39999999836,4.01795598618,4.2
522,4.49999999738,4.14217297888,4.4
523,4.49999999738,4.11602828295,4.1
524,4.69999999867,4.22604943823,4.2
525,4.09999999908,4.16936331346,4.3
526,4.3999999985,4.10200295564,4.1
527,4.29999999894,4.20320320394,4.0
528,4.60000000067,4.49303390057,4.1
529,3.39999999943,4.19711924517,4.2
530,4.70000000069,4.55484532678,3.0
531,3.60000000075,4.16260234458,4.4
532,3.70000000059,4.14949252298,4.5
533,2.10000000276,4.03744789295,2.5
534,2.00000000334,4.11717426258,4.1
535,3.49999999916,4.14952757028,4.2
536,4.2999999987,4.11333113879,4.0
537,2.40000000267,4.13554430375,4.1
538,4.49999999831,4.10720942885,1.9
539,2.80000000199,4.11505942675,3.3
540,4.49999999738,4.14255381182,4.4
541,2.80000000132,4.15929767612,4.1
542,3.89999999854,4.17819951368,3.8
543,3.20000000115,4.13362386364,4.1
544,3.10000000125,4.17895720735,4.2
545,2.40000000266,4.16210722349,4.0
546,4.59999999895,4.2082355503,4.5
547,2.90000000213,3.7340101704,3.7
548,3.99999999952,4.15547168268,3.9
549,3.70000000028,4.23730752696,3.5
550,2.30000000278,4.0838837705,3.9
551,2.9000000016,3.96563698357,4.0
552,4.59999999849,4.08529588523,4.6
553,4.2999999987,4.15880698159,4.0
554,4.99999999733,4.26510782984,4.1
555,4.19999999914,4.1588223967,4.2
556,4.59999999812,4.26164166869,3.3
557,4.49999999831,4.19212699613,4.4
558,4.19999999901,4.27219521455,4.3
559,4.79999999681,5.52131592299,4.2
560,3.50000000094,3.99062285347,3.9
561,4.59999999812,4.0976218935,4.3
562,3.50000000092,4.13823348077,3.4
563,3.60000000069,3.98962595999,4.2
564,4.99999999721,4.28553942919,4.1
565,3.00000000143,4.14338393763,4.0
566,2.90000000163,3.90335794207,3.6
567,3.70000000056,4.08111264683,4.2
568,4.59999999849,4.13007169042,3.5
569,4.19999999879,4.13145021145,4.0
570,3.20000000123,4.11651025994,4.1
571,2.5000000024,4.14784458903,4.1
572,4.39999999932,4.20652597749,2.8
573,4.2999999987,4.18377550243,4.4
574,2.70000000091,4.11767798356,4.4
575,3.99999999837,4.10531781092,4.2
576,4.49999999907,4.08278040384,4.1
577,3.40000000085,4.13588091265,4.2
578,4.29999999949,4.05331521112,3.9
579,4.29999999799,4.22530897414,4.1
580,4.29999999949,4.11077631056,4.2
581,3.99999999915,4.19561539228,3.9
582,4.89999999834,4.10466520157,4.0
583,3.39999999957,4.15746203479,4.2
584,4.89999999754,4.26484404411,4.5
585,4.29999999913,4.05263102429,3.9
586,4.69999999873,4.03002597651,3.6
587,4.79999999776,4.27037925591,4.4
588,4.29999999795,4.04254751753,3.5
589,4.29999999815,4.23887592795,4.4
590,3.99999999841,4.48448503784,4.8
591,3.50000000096,3.91830960825,4.6
592,4.99999999647,4.34726813149,4.7
593,4.69999999872,4.08546530386,4.8
594,4.19999999932,3.96553385613,2.7
595,4.39999999931,4.2399488778,5.0
596,4.1999999993,3.99866250602,4.8
597,4.99999999778,4.38525348012,5.0
598,4.99999999785,4.75672263385,4.8
599,2.00000000226,4.06199228689,4.9
600,3.7000000002,3.94369484273,3.0
601,3.8999999999,4.11071396973,4.7
602,4.49999999911,3.98201623204,1.0
603,3.10000000119,4.19155841542,5.0
604,4.49999999789,4.19630014411,4.7
605,4.69999999785,4.04072073466,5.0
606,4.39999999881,4.35995391819,5.0
607,3.7999999996,4.14682020094,3.0
608,4.19999999889,4.24120807637,4.1
609,4.49999999757,4.26608193485,5.0
610,4.49999999816,4.23159360709,3.7
611,4.59999999808,4.1750745311,4.5
612,4.19999999923,4.20891712266,4.2
613,4.49999999871,4.20931465786,4.3
614,4.19999999881,4.14243673299,4.1
615,4.19999999889,4.16298568117,1.9
616,4.09999999951,3.95995136245,4.1
617,4.29999999864,4.02879359671,4.4
618,4.99999999724,4.24198056372,3.9
619,4.59999999808,4.08950002149,3.9
620,3.99999999929,3.9425183859,4.0
621,4.39999999844,4.23315766689,4.4
622,4.49999999826,4.11958902855,4.7
623,3.60000000028,4.21633380292,3.8
624,4.59999999811,4.03640843152,4.4
625,3.99999999926,4.00129401281,4.4
626,4.59999999811,4.07347001724,3.6
627,4.49999999754,4.17187932412,4.4
628,4.49999999827,4.16166532333,2.7
629,4.79999999778,4.25087464725,4.3
630,4.99999999724,4.22811976378,4.6
631,4.399999999,4.19762534986,2.8
632,3.99999999971,3.86488985222,3.5
633,3.50000000017,4.22744539105,3.4
634,4.99999999703,4.32721533615,4.8
635,3.9999999992,4.17456963924,4.7
636,4.19999999883,4.23806602684,4.8
637,3.99999999928,4.22836319799,4.8
638,3.89999999944,4.02426948503,4.7
639,4.49999999828,4.15068721769,4.1
640,3.60000000004,4.14472115944,3.5
641,4.19999999874,4.24578371707,4.7
642,3.0000000012,3.9057114723,3.8
643,3.00000000163,3.97514738526,2.9
644,3.99999999927,4.23075168936,4.5
645,3.40000000083,4.07930733914,3.3
646,4.89999999753,4.29751700396,4.1
647,3.99999999841,4.58387392939,4.7
648,4.39999999851,4.17905357859,4.6
649,4.09999999894,3.96155531283,4.7
650,4.39999999847,4.03504845627,4.6
651,3.99999999924,4.25018217852,4.7
652,4.4999999988,4.01067957705,4.5
653,4.19999999882,3.99703887696,4.7
654,3.8999999999,4.05261791091,4.8
655,3.60000000018,4.19984033789,4.6
656,4.99999999734,4.32162737627,4.6
657,4.39999999847,4.1561799696,4.6
658,3.60000000004,4.17653530353,4.2
659,4.69999999848,4.19751859066,4.9
660,4.19999999969,4.20374904408,3.8
661,4.49999999867,4.01745277652,4.2
662,4.6999999975,4.31704085392,4.4
663,4.29999999796,4.19055269245,4.4
664,4.19999999932,4.21241859842,4.3
665,4.39999999857,4.14455940666,4.5
666,4.69999999829,4.19557090012,4.4
667,4.39999999906,4.18015099727,4.6
668,4.09999999976,4.1696586997,3.9
669,4.49999999905,3.92296526326,4.4
670,4.09999999926,4.08435698052,4.3
671,4.00000000007,3.98969661495,4.4
672,4.2999999989,4.1943982636,4.2
673,4.19999999932,4.17618107189,4.4
674,4.1999999993,4.18599064839,4.0
675,4.09999999877,4.11460412292,4.2
676,4.19999999888,4.03241135397,3.8
677,4.99999999657,4.25284948468,4.5
678,3.99999999884,4.27774201642,4.7
679,3.99999999927,3.98148365694,4.5
680,4.49999999821,4.23978845462,4.3
681,4.09999999908,4.18365829814,4.2
682,4.69999999796,4.06735025796,4.3
683,4.39999999892,4.04452877794,4.7
684,4.8999999976,4.26015290601,4.7
685,3.6000000004,3.93843638144,4.6
686,4.19999999932,4.10601022678,4.6
687,4.39999999807,4.1591158144,4.6
688,4.49999999788,4.27721496127,4.5
689,4.19999999815,4.16286544916,4.4
690,4.19999999889,4.25730661477,4.6
691,4.50000000312,4.31205481759,4.5
692,4.40000000197,4.26890047607,4.5
693,4.40000000483,4.37364678493,4.2
694,4.49999999889,4.27069992041,4.4
695,4.500000001,4.61768970776,4.4
696,3.90000000022,4.24846277451,4.2
697,4.29999999985,4.36100333006,4.5
698,4.39999999957,4.34095002363,4.1
699,4.50000000102,4.61951617657,4.0
700,3.99999999934,4.54776769562,4.1
701,4.49999999827,4.24918117644,4.3
702,3.99999999957,4.222739503,4.3
703,4.39999999881,4.2846038441,4.3
704,4.29999999874,4.47216576944,4.5
705,2.50000000251,4.08259488613,4.6
706,4.39999999875,4.27927999546,4.1
707,3.79999999968,4.25100683233,4.6
708,4.39999999857,4.41562543539,4.7
709,4.19999999917,4.2276189188,4.7
710,4.09999999931,4.26565861182,4.3
711,4.19999999892,4.36850039611,4.7
712,3.89999999966,4.26591325407,4.6
713,4.49999999928,4.33990388764,4.6
714,4.10000000092,4.42009071866,4.6
715,4.39999999835,4.21126421427,4.3
716,4.30000000412,4.25413527655,4.2
717,4.49999999839,4.40068409853,4.0
718,3.40000000023,4.03744946805,4.5
719,3.40000000031,4.04650502776,4.2
720,4.39999999836,4.22837118519,4.1
721,4.19999999917,4.25786824616,4.4
722,4.39999999866,4.58581736833,4.0
723,3.5000000003,4.26555308965,4.5
724,4.10000000047,4.34572069469,4.4
725,4.59999999812,4.38417091916,4.0
726,1.70000000369,4.16666093216,4.2
727,3.30000000097,3.96313073125,4.3
728,4.99999999759,4.14552996678,4.2
729,4.79999999686,4.37830516423,4.6
730,4.59999999764,4.244518552,4.6
731,3.29999999976,4.17921664248,4.7
732,4.19999999938,4.1391742682,4.6
733,3.50000000077,4.16447490584,4.4
734,3.69999999995,4.0666847732,4.5
735,4.99999999787,4.2347651192,4.3
736,4.59999999888,4.26176137689,4.6
737,4.09999999902,4.27581555638,4.5
738,3.49999999929,4.25519051897,4.2
739,4.99999999747,4.09738673509,4.2
740,3.69999999942,4.15081609995,4.7
741,3.99999999884,4.07104610014,4.5
742,4.19999999888,4.15998019748,4.6
743,4.49999999788,4.09826866221,4.3
744,3.7999999988,4.22440364442,4.2
745,2.50000000172,4.06201861602,4.7
746,3.99999999829,4.80542483914,4.7
747,3.99999999971,3.88399949138,4.4
748,4.09999999951,4.02273528163,4.5
749,3.40000000043,3.8677664505,4.4
750,3.60000000048,4.12497459378,4.0
751,3.40000000086,3.84124449489,4.6
752,3.8999999999,4.13773195302,4.4
753,4.59999999843,4.16818499459,4.7
754,4.29999999796,4.26752250457,4.7
755,4.69999999846,4.13387116601,4.3
756,4.99999999649,4.64761717019,4.1
757,3.89999999934,4.04163993616,4.2
758,3.8999999999,3.82459734653,4.3
759,4.19999999821,4.25768948711,4.3
760,4.2999999988,4.33582323036,4.3
761,3.49999999931,4.13093829715,4.0
762,4.09999999951,4.15869702415,4.2
763,4.19999999932,4.19612865554,4.0
764,4.39999999894,4.12551411851,4.0
765,4.49999999815,4.23035029871,3.8
766,3.79999999874,4.21370559944,4.6
767,3.39999999956,4.05217365834,4.1
768,3.89999999861,4.19679994807,3.9
769,4.49999999831,4.24338457811,4.1
770,3.0000000015,3.90152428209,4.5
771,4.09999999951,4.0265229378,4.2
772,4.59999999865,4.18399062441,4.4
773,3.90000000002,3.96951248104,4.7
774,4.69999999836,4.13682760111,4.0
775,4.49999999874,4.16678327753,4.4
776,3.3999999995,4.14732197415,4.4
777,4.99999999734,4.19133669988,4.0
778,4.99999999778,4.22813174172,4.5
779,4.99999999765,4.28195776826,4.7
780,3.99999999914,4.12717661531,4.3
781,3.99999999841,4.43576495123,4.5
782,4.89999999711,4.53009782001,4.3
783,4.99999999735,4.3041802132,4.1
784,4.59999999855,4.10368257218,4.3
785,4.79999999786,4.07423944439,4.5
786,4.09999999951,4.03842895873,4.2
787,4.09999999822,4.54835248508,4.6
788,4.69999999792,4.23319006119,3.5
789,4.99999999729,4.40961574798,4.2
790,4.39999999904,4.21245342929,4.4
791,3.30000000061,4.2144838036,4.4
792,3.99999999922,3.95654634301,4.6
793,3.50000000022,3.98953624395,4.3
794,2.80000000153,4.07097959447,4.5
795,3.60000000003,4.10358481593,4.8
796,3.20000000078,3.98711541521,4.4
797,3.60000000003,4.1522295578,4.1
798,3.69999999984,4.05141402496,4.9
799,3.3000000006,4.00018548909,4.7
800,3.10000000099,4.09836376226,4.7
801,4.09999999906,4.04220681947,4.7
802,3.10000000098,4.16834516489,4.4
803,3.50000000022,3.99200315078,4.0
804,3.60000000002,4.11775307527,4.2
805,4.99999999686,4.30939500403,4.3
806,2.30000000285,4.18662782936,4.5
807,3.10000000168,4.13562993349,3.5
808,2.90000000091,4.21446125429,4.2
809,3.00000000119,4.13818272433,3.1
810,2.90000000092,4.07849636666,4.6
811,3.89999999945,4.20362216392,4.2
812,4.99999999646,4.30746440759,4.3
813,3.40000000038,4.14241935536,4.3
814,4.99999999646,4.31839467242,4.1
815,4.79999999741,4.28275923025,3.8
816,4.19999999881,4.2171246618,3.4
817,4.99999999702,4.3030590631,4.3
818,4.29999999827,4.1974779129,4.4
819,4.59999999809,4.64998519878,4.4
820,4.69999999844,4.21040302633,4.0
821,4.39999999807,4.10762548931,3.7
822,4.79999999852,3.96919366235,3.9
823,4.09999999969,4.01663601211,4.5
824,4.59999999816,4.22941839646,4.4
825,4.29999999937,4.28381012252,4.3
826,4.59999999867,4.20671976486,4.2
827,3.99999999918,4.10007166086,4.2
828,2.90000000053,4.17626515471,4.5
829,4.09999999822,4.53942586209,4.7
830,4.19999999845,4.16287835079,4.5
831,4.2999999986,4.2326423276,4.5
832,4.39999999887,4.0032515467,3.4
833,2.40000000147,4.22737883325,4.2
834,4.19999999931,4.13788436909,4.3
835,3.10000000144,3.18560788733,4.2
836,3.00000000117,4.20202596231,4.6
837,4.699999997,4.30172340615,4.1
838,3.39999999999,4.2623604515,4.2
839,4.69999999705,4.23946329203,4.2
840,4.699999997,4.23473696283,4.3
841,4.19999999814,4.08667688483,4.4
842,4.99999999723,4.43528899657,3.9
843,4.49999999827,4.10246828697,4.1
844,4.2999999988,4.35296339197,4.3
845,3.29999999964,4.16076820243,4.5
846,4.40000000094,4.24497118948,4.6
847,4.19999999877,4.1013635349,3.6
848,4.19999999871,4.16195485402,4.3
849,4.69999999703,4.2522734164,4.3
850,4.29999999867,4.15358600251,4.2
851,4.79999999778,4.2829099769,4.4
852,4.19999999876,4.15530910657,4.1
853,3.99999999912,4.20117545413,4.1
854,4.19999999888,4.18604617743,4.2
855,4.09999999915,4.3032360938,3.9
856,4.59999999806,4.061251107,4.2
857,4.59999999865,4.1185484416,3.7
858,3.79999999958,4.15261059036,4.5
859,4.49999999846,4.21585488054,3.7
860,4.39999999846,4.09016580716,3.8
861,4.09999999933,4.20834156319,4.3
862,3.99999999928,4.2145533641,3.0
863,3.89999999946,4.17556533864,4.1
864,3.50000000067,3.97463187918,4.2
865,4.99999999784,4.26617803965,4.1
866,4.59999999799,4.23842281965,3.9
867,3.6000000001,4.05839746058,4.0
868,4.19999999882,4.15010088112,4.4
869,3.79999999962,4.23939747352,4.2
870,3.40000000086,3.87199509066,4.0
871,3.79999999995,4.17928967209,3.9
872,4.19999999883,4.06987324649,4.0
873,4.19999999908,4.56631154314,4.2
874,3.69999999982,4.16773951111,4.0
875,3.99999999977,4.24651110213,4.3
876,4.39999999838,3.97332749882,3.9
877,4.49999999745,4.22672813835,4.2
878,3.69999999968,4.16232967865,4.4
879,4.19999999898,4.20112939202,4.3
880,3.8999999994,4.14331698309,3.7
881,3.99999999969,4.19989027104,4.3
882,3.69999999988,4.34908187283,3.7
883,4.19999999887,4.1650766456,3.8
884,3.99999999921,4.2410532604,4.2
885,3.89999999942,4.04824836921,4.0
886,4.09999999908,4.1762683126,3.9
887,4.29999999884,4.20892474724,4.4
888,4.4999999986,4.26098189352,4.5
889,4.49999999837,4.20881043126,4.1
890,3.3000000005,4.14404715515,4.1
891,4.39999999839,4.1285036163,3.9
892,4.19999999943,4.2647384066,4.5
893,4.19999999804,4.36906215958,4.0
894,4.09999999934,4.20624082855,4.1
895,4.09999999904,4.09114201496,3.6
896,4.39999999838,4.0163274646,3.8
897,4.09999999921,4.1935827064,4.0
898,3.89999999962,4.18819817994,4.2
899,3.89999999937,4.12917184967,3.7
900,4.39999999843,4.16315587243,3.8
901,3.79999999911,4.05636678127,3.7
902,3.00000000128,4.18959581704,4.1
903,3.40000000086,4.01587845649,3.7
904,4.29999999954,4.22631254515,3.9
905,4.99999999647,4.37593793914,4.4
906,4.09999999906,4.01953198346,4.3
907,2.40000000192,4.00533136177,3.9
908,3.8999999999,4.12357953386,3.7
909,3.99999999971,3.96661275168,3.7
910,3.00000000113,3.94160730033,4.2
911,4.39999999879,4.16850454777,4.3
912,3.40000000035,4.17839860123,4.0
913,2.90000000135,4.01053063654,4.1
914,4.99999999776,4.24441511693,3.9
915,4.49999999827,4.18464498576,4.5
916,3.69999999991,4.28258158587,3.9
917,3.00000000129,4.1984857103,4.1
918,3.99999999941,4.20117286096,4.3
919,3.20000000081,4.0454219839,4.4
920,3.60000000002,4.02956068483,4.1
921,3.20000000081,3.94545743222,4.0
922,3.70000000018,4.2368170657,3.9
923,4.69999999792,4.22614955402,3.9
924,4.39999999917,4.38346127707,4.0
925,3.89999999961,4.18829888524,4.1
926,4.39999999852,4.18492199092,4.2
927,4.29999999864,4.22173545747,3.8
928,4.89999999834,4.0525278597,4.0
929,2.60000000196,4.10592461984,3.9
930,4.99999999815,4.18504586354,4.2
931,4.09999999903,4.17603393917,3.7
932,4.00000000007,4.06580154448,3.9
933,4.09999999917,4.47225389944,4.2
934,3.30000000091,4.12089973423,4.3
935,4.19999999893,4.31989467691,4.3
936,4.00000000008,3.32961216804,4.6
937,4.29999999867,4.16700011095,4.3
938,4.39999999987,4.40037764559,4.6
939,4.99999999658,4.25775802781,4.2
940,4.29999999859,4.15806672812,4.6
941,4.39999999842,4.16717223637,4.5
942,3.89999999938,4.20916618157,4.6
943,4.2999999989,4.17815193881,3.9
944,3.99999999926,4.18609020387,4.2
945,3.79999999955,4.16478435242,4.4
946,4.49999999868,4.33561528234,4.2
947,3.79999999953,3.99623842393,4.3
948,4.39999999841,4.18181091724,4.6
949,4.29999999854,3.96812624582,4.3
950,4.69999999793,4.35487262683,4.5
951,3.89999999947,4.25074212891,4.0
952,4.19999999883,4.24025814846,4.0
953,3.79999999966,4.21274494222,4.5
954,4.29999999866,4.04694431806,4.5
955,3.79999999963,4.20074193364,4.0
956,4.19999999938,4.24484638231,4.0
957,4.49999999822,4.26583710096,4.2
958,4.19999999893,4.35480797521,4.4
959,3.6,4.16441963651,4.6
960,3.99999999921,4.19770684117,4.6
961,3.50000000023,4.13862768682,4.1
962,4.39999999837,4.17978449209,4.6
963,3.50000000015,4.1533751911,4.4
964,4.09999999898,4.08477875479,4.6
965,4.79999999774,4.25236586413,4.9
966,4.39999999813,4.14612174642,4.5
967,4.29999999861,4.10494663917,4.6
968,3.99999999927,4.24487878728,4.7
969,4.19999999816,4.34465066795,4.3
970,4.39999999918,4.17314660042,4.2
971,3.50000000023,4.11632706161,4.3
972,4.29999999919,4.18582465316,5.0
973,4.39999999884,4.20418850701,4.4
974,4.69999999867,4.09848534008,5.0
975,4.99999999735,4.37787170961,4.5
976,3.79999999952,3.97175391045,4.5
977,4.99999999682,4.26544164996,4.8
978,4.79999999786,4.1791040006,4.4
979,4.89999999752,4.04616239131,5.0
980,4.29999999997,4.2069520201,3.7
981,4.99999999735,4.80116394263,4.1
982,4.89999999658,4.20704137957,4.8
983,4.89999999742,4.10350898702,4.6
984,4.89999999797,4.22264313867,4.4
985,4.49999999831,4.19358117884,4.4
986,4.49999999831,4.04470702297,3.6
987,4.99999999735,4.09727217678,3.7
988,4.99999999748,4.06494891343,3.8
989,3.00000000119,3.95878442458,4.2
990,4.89999999804,4.21922517174,4.2
991,4.9999999979,4.2217422248,4.2
992,4.9999999974,4.29231156016,3.3
993,4.09999999934,4.21697289958,3.4
994,4.09999999908,4.1338025419,4.3
995,4.29999999892,4.2204850342,4.2
996,4.29999999891,4.16166222004,4.7
997,4.09999999952,4.17508679349,4.1
998,4.69999999793,4.24248184008,4.7
999,4.89999999754,4.05175058648,4.0
1000,3.99999999958,4.26981350287,3.6
1001,4.99999999735,4.5519594928,4.0
1002,4.99999999735,4.41181465927,3.6
1003,4.59999999806,4.26275687174,4.3
1004,4.19999999901,3.97848653344,4.2
1005,3.69999999974,4.18263436491,4.2
1006,4.99999999725,4.24063760339,4.1
1007,4.29999999869,4.17757925836,4.0
1008,3.99999999934,4.18831226791,4.1
1009,4.29999999869,4.23914136718,4.4
1010,3.99999999887,4.07541436549,4.7
1011,3.9999999992,4.16863747284,4.5
1012,3.10000000132,4.04635570858,4.3
1013,3.40000000077,4.06721311397,4.6
1014,4.19999999889,4.31940221942,4.3
1015,4.1999999988,3.98721251753,4.0
1016,4.09999999988,4.19337865567,4.5
1017,3.40000000122,4.15861575392,4.5
1018,3.99999999927,4.20903821141,3.6
1019,3.89999999939,4.1488368136,4.2
1020,4.79999999779,4.27099643286,4.1
1021,4.09999999905,4.14766587806,3.5
1022,4.2999999987,4.12803769737,4.4
1023,4.29999999827,4.29804113376,4.0
1024,4.39999999853,4.17652025503,4.5
1025,4.39999999883,4.09438039849,4.2
1026,4.49999999822,4.11136303201,4.6
1027,4.49999999879,4.23562827635,4.2
1028,4.79999999861,4.3260900946,4.8
1029,4.39999999965,4.2483685047,4.5
1030,4.49999999789,4.28875022904,4.2
1031,4.59999999863,4.25645727611,4.3
1032,4.59999999809,4.08726556393,4.2
1033,4.49999999874,4.08231698467,4.4
1034,4.19999999969,4.20520229365,4.4
1035,4.39999999838,4.46038373869,4.6
1036,4.19999999804,4.18724469872,4.2
1037,4.69999999789,4.33235617969,4.6
1038,4.49999999802,4.21239141644,4.6
1039,4.20000000014,4.22793893627,4.4
1040,4.49999999834,4.13773183903,4.3
1041,4.19999999897,4.19118570154,4.2
1042,4.69999999832,4.31132787483,4.2
1043,4.09999999901,4.18594284042,3.8
1044,4.09999999958,4.17972500285,4.5
1045,4.60000000021,4.5170514422,4.6
1046,4.39999999843,4.15092456293,4.6
1047,4.4999999984,4.31520968562,4.7
1048,3.79999999954,4.0415361608,4.6
1049,3.89999999929,4.12155835231,4.6
1050,3.50000000009,4.12621662849,4.7
1051,3.79999999952,4.14078437916,3.8
1052,4.19999999939,4.02842713816,4.3
1053,4.59999999836,4.27780060335,4.3
1054,3.6999999998,4.1383172132,4.5
1055,4.39999999851,4.1815618433,4.6
1056,3.59999999999,4.19466318325,4.6
1057,3.40000000036,4.11802698984,4.7
1058,3.99999999919,4.07758382054,4.5
1059,4.29999999859,4.18250964349,4.4
1060,4.29999999913,4.2161577246,3.9
1061,4.49999999828,4.34249208128,4.5
1062,4.39999999847,4.11647156374,4.6
1063,4.49999999859,4.76811776253,4.1
1064,4.09999999902,4.1725132212,4.5
1065,4.40000000218,4.28758364802,4.4
1066,4.2999999987,4.35924441863,4.5
1067,4.49999999988,4.44568673199,4.6
1068,4.49999999832,4.20094189551,4.2
1069,4.19999999973,4.33713206806,4.4
1070,4.49999999843,4.2320942877,4.1
1071,4.29999999854,3.99034398598,3.9
1072,4.09999999897,4.16617393471,4.6
1073,4.59999999797,4.17513922401,4.5
1074,4.29999999897,4.22853892554,3.7
1075,3.99999999942,4.201774174,4.1
1076,4.3999999993,4.22810450151,4.4
1077,4.39999999914,4.28189324023,4.6
1078,4.59999999843,4.31142415648,4.5
1079,4.59999999848,4.24973059943,4.3
1080,4.29999999895,4.22035336918,4.3
1081,4.29999999902,4.31148482531,4.3
1082,4.19999999911,4.21672084166,4.4
1083,4.49999999865,4.26313546101,4.3
1084,3.99999999926,4.22174857053,4.4
1085,4.5999999995,4.39735403977,4.3
1086,4.4999999982,4.30405006138,4.4
1087,3.79999999965,4.17637551104,4.1
1088,4.29999999998,4.38675642607,4.4
1089,4.29999999957,4.19074253995,4.2
1090,4.89999999837,4.45350778361,4.3
1091,3.99999999923,4.16251710777,4.4
1092,4.4999999988,5.5889009769,4.3
1093,4.09999999944,4.22509282156,4.3
1094,4.49999999825,4.15649184113,3.9
1095,4.19999999819,4.1754209837,4.1
1096,4.39999999986,4.25438687092,4.1
1097,4.39999999917,4.20103115487,4.2
1098,3.99999999927,4.1730522482,4.5
1099,4.29999999916,4.17736055298,4.2
1100,4.29999999907,4.22696717026,4.7
1101,4.39999999867,4.24624090166,4.4
1102,4.39999999931,4.26066910622,4.6
1103,3.99999999928,4.19138192703,4.6
1104,4.69999999804,4.35580028156,4.4
1105,4.19999999934,4.21024293098,4.6
1106,4.50000000087,4.24956107426,4.3
1107,4.09999999885,4.27758204871,4.0
1108,4.39999999831,4.28388194471,4.4
1109,4.09999999828,4.2070119514,4.6
1110,4.29999999827,4.19840708954,4.2
1111,3.49999999934,4.19905305022,4.1
1112,4.69999999757,4.14355875837,3.6
1113,2.60000000109,4.20212062069,4.1
1114,4.199999998,4.24632945977,4.6
1115,4.99999999683,4.30098618784,4.7
1116,4.29999999851,4.11825386904,4.7
1117,4.39999999848,4.19074940993,4.7
1118,4.29999999867,4.17810325498,4.7
1119,4.0999999995,4.2487291656,4.1
1120,4.29999999891,4.2077048112,3.4
1121,4.49999999825,4.13159982985,3.8
1122,4.59999999809,4.16584457473,3.7
1123,4.59999999807,4.2678990849,4.2
1124,4.69999999819,4.71783587282,3.1
1125,4.30000000166,4.26181965606,3.5
1126,4.19999999891,4.22531991932,4.7
1127,4.49999999828,4.17261779081,4.5
1128,4.29999999861,4.16533481521,4.2
1129,4.49999999835,4.17590721281,4.3
1130,3.50000000067,4.1671072236,4.0
1131,4.29999999855,4.11692952293,4.5
1132,4.59999999805,4.20998645153,4.6
1133,4.49999999821,4.13070525529,4.7
1134,4.30000000212,4.27827515635,4.1
1135,4.39999999844,4.02779338251,4.3
1136,3.40000000039,4.20953275584,3.8
1137,4.29999999876,4.16035298204,4.4
1138,3.79999999892,5.18825794698,4.3
1139,4.49999999821,4.22197143155,4.2
1140,4.99999999722,4.32324609729,4.3
1141,4.89999999739,4.24146848337,3.8
1142,4.99999999735,8.44114263583,4.3
1143,4.19999999881,4.17173647492,3.7
1144,4.2999999986,4.16120715436,4.5
1145,4.39999999844,4.42013792676,3.6
1146,2.30000000259,4.12843058244,4.8
1147,4.69999999697,4.27217680233,3.3
1148,4.39999999894,4.14343906451,4.7
1149,4.29999999867,4.14170231924,4.6
1150,4.39999999839,4.13460408972,4.6
1151,3.99999999917,4.07191600104,3.4
1152,3.59999999998,4.27967121938,4.6
1153,4.09999999909,4.26092685293,4.0
1154,4.59999999801,4.17512203945,4.1
1155,3.89999999944,4.05419461524,4.5
1156,4.39999999839,4.24248890465,4.4
1157,3.69999999975,4.24298111391,4.5
1158,3.90000000047,4.20713636475,4.0
1159,4.29999999911,4.24028061411,4.1
1160,4.09999999898,4.14867032302,4.5
1161,3.6,4.19159096362,4.6
1162,3.50000000016,4.04185569161,4.1
1163,3.89999999938,4.1342834355,4.5
1164,3.89999999935,3.9651209701,4.6
1165,3.79999999955,3.9960336813,4.5
1166,3.99999999924,4.17134471511,4.3
1167,4.49999999831,4.0754539705,3.6
1168,3.59999999999,4.17481211799,4.4
1169,3.89999999943,4.04308917765,4.6
1170,4.29999999864,4.01437346181,4.1
1171,3.99999999924,3.99273329337,4.3
1172,4.19999999891,4.02893165412,3.9
1173,3.6999999998,4.14433400434,4.5
1174,3.8999999994,4.09934569779,4.1
1175,4.19999999882,4.12742512261,3.6
1176,3.50000000016,4.12770576209,4.7
1177,3.99999999919,3.95504763471,4.3
1178,3.7999999996,4.19678211453,4.7
1179,4.09999999897,4.15399456012,4.6
1180,4.19999999884,4.19199223175,4.4
1181,4.09999999901,3.98329354482,4.2
1182,4.39999999848,4.16877439571,4.5
1183,3.6999999998,4.01765075003,4.3
1184,4.69999999779,4.22142737132,4.2
1185,3.79999999958,4.16294317835,4.5
1186,3.99999999921,4.13310687584,4.5
1187,4.19999999883,4.14556398063,4.3
1188,3.79999999953,3.96211839918,4.0
1189,3.8999999994,4.1236127841,4.3
1190,3.99999999916,3.97351359909,4.8
1191,3.10000000097,4.15723460216,4.0
1192,4.99999999787,4.23453030801,4.9
1193,3.50000000018,3.9476678868,4.8
1194,4.09999999865,4.07238019296,4.9
1195,4.49999999826,4.17129730328,4.8
1196,4.69999999789,4.19035196215,4.4
1197,4.09999999904,4.08758625784,3.3
1198,3.89999999934,3.98942430732,4.7
1199,3.99999999918,3.97181460267,4.6
1200,4.29999999875,4.18447291085,4.8
1201,3.10000000095,3.94368203279,4.8
1202,4.19999999892,4.11976458188,4.8
1203,4.09999999917,4.19757421592,4.5
1204,4.39999999882,4.217396099,4.4
1205,3.20000000119,4.03605400209,4.5
1206,3.3000000006,4.17847151765,4.5
1207,4.29999999836,4.2341299481,4.5
1208,4.69999999863,4.66926066648,4.8
1209,4.29999999816,4.21711567248,3.9
1210,4.19999999963,4.19544158359,4.6
1211,4.69999999849,4.32249154347,4.5
1212,4.29999999919,4.26237016934,4.5
1213,4.19999999875,4.23816906223,4.7
1214,4.19999999947,4.20742326799,4.7
1215,4.19999999945,4.19019051231,4.4
1216,4.09999999951,4.15306126896,4.2
1217,4.19999999934,4.18739288365,3.9
1218,4.29999999917,4.22732765329,4.2
1219,4.39999999915,4.40650512238,4.4
1220,4.29999999915,4.23286285354,4.6
1221,3.50000000067,3.86029895382,4.6
1222,4.29999999913,4.18874642136,4.2
1223,1.80000000424,3.6037035565,4.5
1224,4.19999999932,4.16814173193,4.7
1225,4.19999999932,4.08852239288,4.5
1226,4.59999999855,4.16843157619,4.5
1227,4.0,4.09855369804,3.7
1228,4.29999999913,4.18966414794,4.5
1229,4.99999999777,4.23253322899,4.6
1230,3.80000000009,3.89235382865,4.6
1231,4.29999999913,4.17031819091,4.7
1232,3.00000000163,3.57337620124,4.5
1233,4.9999999979,4.24275806215,4.5
1234,4.69999999706,4.60550667463,4.6
1235,4.59999999811,4.0925597731,4.0
1236,4.40000000021,4.2051951947,4.3
1237,4.69999999793,4.19932949255,4.4
1238,4.99999999649,4.60109999848,4.5
1239,4.79999999879,4.26852316701,4.2
1240,3.00000000176,4.16679977754,4.6
1241,4.59999999921,4.52834764752,4.9
1242,4.59999999775,4.30654660101,4.5
1243,4.09999999958,4.17496437071,4.5
1244,4.59999999811,4.16645961831,4.6
1245,4.4999999983,4.13929028099,4.5
1246,4.29999999966,4.22046589645,4.6
1247,4.1999999985,4.23725961946,4.6
1248,3.89999999957,4.18178917951,4.5
1249,4.69999999872,3.99906802758,4.5
1250,4.89999999834,4.1567132947,4.4
1251,4.29999999949,3.86982039253,3.9
1252,4.39999999758,4.2058446491,4.5
1253,3.60000000002,4.08859217247,4.4
1254,4.59999999811,4.12379279591,4.6
1255,4.50000000046,4.2217050641,4.4
1256,3.89999999946,4.15098651669,4.5
1257,4.29999999869,4.14303023303,4.5
1258,4.79999999777,4.10470492521,4.6
1259,3.6999999998,4.17115453312,4.5
1260,4.39999999852,4.3336064379,4.4
1261,4.19999999841,4.20666245501,4.4
1262,4.30000000346,4.23635674005,4.4
1263,4.60000000084,4.24867960175,4.2
1264,4.50000000141,4.25912154802,4.5
1265,3.90000000193,4.16594094746,4.5
1266,4.29999999945,4.28776029841,4.4
1267,4.3999999986,4.36946652761,4.3
1268,3.99999999967,4.26204143862,4.6
1269,4.69999999789,4.0458731353,4.6
1270,4.29999999959,4.22455000072,4.9
1271,4.49999999826,4.18773528103,4.4
1272,4.20000000146,4.24172621335,4.3
1273,4.2000000006,4.3240765992,4.1
1274,4.80000000019,4.55796034022,4.6
1275,4.59999999815,4.23708417433,4.8
1276,4.49999999851,4.21267477219,4.5
1277,3.99999999877,4.20176772448,4.7
1278,4.19999999879,4.23339137769,4.6
1279,4.09999999972,4.19684309833,4.3
1280,4.69999999862,4.2811458016,4.4
1281,4.2000000013,4.24237632887,4.4
1282,4.5999999979,4.21625815773,4.6
1283,4.4999999989,4.23011751806,4.3
1284,3.89999999903,4.14981536478,4.6
1285,3.60000000001,4.00955186857,4.6
1286,4.59999999714,4.26074225899,4.5
1287,3.40000000092,4.16474629478,4.6
1288,4.19999999926,4.14701439112,4.6
1289,3.40000000075,4.19746510168,4.5
1290,3.6000000006,3.94971474121,4.1
1291,4.19999999938,4.08835939358,4.5
1292,3.49999999929,4.25541856411,4.6
1293,4.29999999919,4.10743363893,4.5
1294,3.89999999873,4.1323957757,4.8
1295,4.29999999918,4.03841173201,4.8
1296,3.59999999918,4.18287928359,4.6
1297,3.89999999984,4.15597660908,4.5
1298,4.29999999826,4.09922858988,4.1
1299,3.70000000041,4.01957329984,4.4
1300,3.79999999964,4.22119407789,4.2
1301,4.099999999,4.23049436666,4.5
1302,4.09999999942,4.11056326987,4.3
1303,4.69999999706,4.18610071491,4.6
1304,4.09999999915,4.37025993128,4.0
1305,1.90000000321,4.2110334268,4.6
1306,3.60000000014,4.14733636827,4.5
1307,3.79999999889,4.26106360847,4.4
1308,4.4999999991,4.15613757536,4.5
1309,2.70000000091,4.17046095821,4.6
1310,4.4999999983,4.21634153501,4.4
1311,4.99999999722,4.31993514211,4.7
1312,3.99999999969,4.15104351092,4.4
1313,4.19999999923,4.29728950526,4.2
1314,4.3999999985,4.23923894439,4.5
1315,4.00000000006,4.15974009554,4.2
1316,3.10000000015,4.77904380225,4.4
1317,4.99999999733,4.2748683215,4.5
1318,4.69999999705,4.31371787893,4.6
1319,3.6999999991,4.032755565,4.6
1320,3.89999999916,4.22394185122,4.6
1321,3.00000000114,3.94304306995,4.5
1322,4.19999999916,4.15561171852,4.5
1323,3.00000000031,4.25900234844,4.4
1324,4.19999999893,4.18173895813,4.4
1325,4.19999999971,4.15625160045,4.5
1326,3.69999999899,4.14736009467,4.5
1327,4.59999999863,4.29648928569,4.0
1328,4.49999999849,4.1482705309,4.6
1329,4.59999999895,4.01212344744,4.1
1330,4.69999999876,4.16340027839,4.0
1331,4.29999999955,4.13683017988,4.4
1332,2.30000000229,4.0146115329,4.4
1333,2.80000000244,3.86574041022,4.1
1334,2.80000000195,4.07730089776,3.5
1335,3.6000000009,3.61945607201,4.3
1336,3.00000000107,3.92748538367,4.5
1337,3.19999999976,4.30080927663,4.2
1338,3.50000000106,4.08042057294,4.6
1339,3.80000000051,3.91715283617,4.4
1340,3.50000000105,4.174433357,4.5
1341,4.19999999934,4.22110841938,4.0
1342,4.49999999917,4.15323704483,4.5
1343,3.40000000128,3.94280980214,4.6
1344,3.00000000014,4.31871727274,4.4
1345,4.39999999885,4.20929345902,4.4
1346,3.99999999951,4.15698953558,4.1
1347,4.2999999991,4.20070039253,4.0
1348,4.09999999893,4.125869356,4.1
1349,3.59999999992,3.9650151412,4.1
1350,3.70000000071,3.83365889284,4.2
1351,4.19999999885,4.19794152028,4.5
1352,3.70000000028,3.63975862105,3.5
1353,4.29999999904,4.15182655526,4.3
1354,3.30000000062,4.19179146296,4.2
1355,4.39999999842,4.03307670559,4.6
1356,4.79999999824,4.29845340045,4.4
1357,3.50000000011,4.17578475268,4.5
1358,3.9999999992,4.15184012556,4.4
1359,4.89999999795,4.22336802472,3.7
1360,3.99999999928,4.17205242465,4.3
1361,4.59999999814,4.35939620003,4.5
1362,4.29999999849,4.28321495456,4.6
1363,3.59999999996,4.15626852397,4.7
1364,3.89999999923,4.31159884078,4.6
1365,3.8999999994,4.05392423895,4.6
1366,3.99999999921,4.03084529244,4.0
1367,4.19999999923,4.1208116077,4.4
1368,4.39999999944,4.32932613096,4.4
1369,4.29999999869,4.17899692773,4.8
1370,3.70000000064,4.13849867964,4.6
1371,4.29999999859,4.15040756492,4.2
1372,3.40000000086,3.81902504967,4.6
1373,3.50000000102,3.90001553973,4.1
1374,4.19999999875,4.20565942397,4.4
1375,4.19999999889,4.4586111239,4.5
1376,3.60000000082,4.10478796489,4.3
1377,3.90000000117,4.21968393447,4.7
1378,3.79999999955,4.16532002482,4.6
1379,3.80000000034,4.13557129314,4.4
1380,3.99999999916,4.17249345281,4.5
1381,4.49999999828,4.23477740144,4.8
1382,3.79999999985,4.20120490532,4.2
1383,4.89999999758,4.28361779962,4.5
1384,3.80000000037,3.95606864858,4.1
1385,4.099999999,4.14386378944,4.1
1386,3.5000000009,4.14243707488,4.0
1387,3.00000000163,4.16594466252,4.3
1388,4.49999999866,4.23837447678,4.5
1389,4.6999999969,4.28605619788,4.6
1390,3.80000000042,4.03142468587,3.7
1391,3.30000000064,4.17622020267,3.7
1392,4.00000000005,4.03454311796,4.2
1393,4.09999999845,4.33539215342,4.5
1394,3.69999999988,4.18136880018,4.3
1395,3.89999999948,4.19802995537,3.9
1396,3.50000000088,4.21533710631,4.6
1397,4.39999999853,4.18683398738,4.3
1398,3.99999999923,4.20912052898,4.4
1399,3.99999999913,4.00289105805,4.6
1400,4.59999999914,4.52082766014,4.5
1401,4.39999999902,4.18724884243,3.8
1402,4.4999999983,4.34531551633,4.4
1403,4.29999999924,4.34062602828,4.7
1404,4.39999999888,4.36957352529,3.4
1405,4.29999999939,4.23182954958,4.3
1406,4.09999999958,4.31146779077,4.3
1407,4.19999999958,4.21164877152,4.0
1408,2.70000000221,4.0259940746,4.0
1409,4.19999999957,4.17409519187,3.8
1410,2.30000000181,4.20844189599,4.3
1411,3.8999999999,4.16579583168,3.6
1412,4.09999999839,4.10969062697,3.8
1413,2.90000000182,3.21678447194,4.5
1414,3.30000000105,4.16030039516,4.6
1415,4.19999999847,4.25482198014,4.5
1416,4.29999999863,4.17119688071,4.7
1417,2.90000000182,4.05191739952,4.3
1418,3.50000000067,4.11285297375,3.7
1419,2.80000000202,4.01772991683,4.2
1420,4.29999999873,4.24042413018,3.4
1421,3.49999999992,4.18169267067,3.9
1422,4.59999999856,4.19654860831,4.0
1423,4.19999999941,4.21688342656,4.0
1424,4.19999999959,4.19678045071,4.0
1425,3.69999999982,4.15457274691,4.6
1426,4.69999999772,4.23819551051,4.0
1427,3.89999999944,4.09826503414,4.1
1428,4.29999999779,4.4451329995,3.9
1429,4.39999999858,4.20721042608,4.4
1430,3.99999999887,4.19349555929,4.4
1431,4.39999999837,4.05950710659,4.3
1432,3.70000000035,3.19930487134,4.6
1433,4.29999999929,4.19952810126,4.5
1434,3.49999999936,4.2702057997,4.5
1435,4.29999999896,4.26579870007,4.5
1436,3.99999999912,4.1080373974,4.5
1437,4.49999999759,4.34990260783,4.3
1438,4.19999999932,4.1540566795,4.2
1439,4.29999999863,4.03724463761,4.4
1440,4.09999999957,4.11128289881,4.3
1441,2.50000000122,4.1338142063,4.6
1442,2.7000000009,4.20306837277,4.1
1443,1.20000000419,4.17175710261,3.9
1444,4.69999999706,4.14542923433,4.4
1445,4.89999999711,4.42463626255,4.6
1446,4.69999999705,4.16678465737,4.1
1447,4.39999999906,4.06937555565,3.8
1448,4.69999999836,4.11144924909,4.6
1449,3.99999999841,4.88385874763,3.5
1450,4.69999999793,4.45466545084,4.7
1451,4.29999999855,4.05748288879,4.3
1452,4.69999999787,4.20938668293,4.5
1453,4.39999999925,4.31476597727,4.4
1454,4.59999999724,4.29771879507,3.4
1455,4.39999999897,4.22297002943,4.3
1456,4.39999999855,4.34565595147,4.3
1457,4.39999999852,4.17901340679,4.6
1458,4.59999999854,4.00158072211,4.6
1459,3.10000000021,4.02738592317,4.2
1460,4.29999999866,4.24239989251,4.6
1461,3.69999999911,4.35848640043,4.4
1462,4.5999999986,4.55610912001,3.9
1463,4.09999999937,4.12114506196,4.5
1464,4.19999999926,4.18867732364,3.8
1465,4.39999999906,4.16032660706,4.3
1466,4.09999999927,4.26876593634,3.7
1467,3.60000000085,4.26242638634,5.0
1468,4.39999999895,4.20248727505,3.2
1469,3.79999999972,4.35830758705,4.5
1470,3.99999999878,4.05050824245,4.7
1471,3.19999999988,4.13602978906,4.0
1472,2.80000000213,3.88876563569,3.8
1473,3.09999999995,4.29967591385,4.7
1474,2.90000000193,4.0567048447,4.5
1475,4.09999999982,4.17059141481,4.2
1476,3.30000000085,4.13462112982,4.1
1477,3.50000000079,4.16749060542,3.1
1478,4.19999999942,4.22068262819,4.1
1479,2.80000000231,3.86007934329,4.1
1480,2.10000000188,4.0186838918,4.3
1481,4.3999999984,4.14557045788,4.0
1482,4.39999999906,4.0674559202,4.6
1483,4.19999999932,4.16939403793,4.4
1484,4.0999999987,4.13788561224,4.4
1485,3.29999999976,4.25014634403,4.3
1486,3.50000000096,3.8940163294,4.6
1487,4.69999999832,4.16744331175,3.2
1488,3.1000000012,4.15878374809,4.5
1489,4.29999999906,4.2157565804,4.6
1490,4.09999999952,4.16888444674,4.6
1491,4.19999999958,4.18344865578,4.3
1492,2.50000000259,3.88088585953,3.0
1493,3.90000000021,4.14424984483,4.4
1494,3.00000000032,4.09389271097,4.4
1495,3.20000000112,4.08203766416,4.3
1496,4.29999999796,4.35697464883,3.5
1497,4.29999999911,4.03061067324,4.3
1498,4.19999999945,4.23391076168,4.5
1499,4.29999999861,4.18606087385,3.7
1500,2.20000000317,3.39989597958,4.5
1501,3.89999999903,4.06923777661,4.2
1502,2.80000000145,4.19899311473,4.3
1503,4.39999999807,4.42415979799,4.6
1504,4.59999999719,4.14610480173,4.5
1505,4.39999999894,4.04439116136,3.9
1506,3.8999999999,4.04702771419,4.3
1507,2.90000000182,3.63774838126,3.3
1508,4.09999999982,3.95519771013,4.7
1509,4.99999999756,4.23477697616,4.2
1510,4.59999999856,4.19884075252,3.2
1511,3.69999999918,4.1704582161,4.4
1512,4.39999999872,4.17855481044,3.5
1513,4.19999999906,4.23368444199,3.7
1514,4.39999999761,4.16415963679,3.8
1515,3.89999999854,4.19399150221,3.8
1516,3.59999999987,4.17766665346,3.7
1517,3.40000000043,3.78904613382,4.6
1518,4.29999999915,4.19277642502,4.0
1519,4.29999999909,4.20049287806,3.6
1520,4.39999999873,4.2822220884,3.8
1521,4.29999999859,4.17285852821,4.1
1522,4.29999999889,4.17500060157,4.7
1523,4.40000001301,4.40279558705,3.9
1524,3.99999999991,4.27303038359,4.1
1525,4.49999999869,4.24350860627,4.6
1526,4.60000000331,5.00758312956,4.2
1527,4.29999999915,4.20675724346,3.6
1528,4.09999999937,4.18917493949,4.6
1529,4.3999999991,4.2629470807,4.2
1530,3.5000000008,4.21460266152,4.4
1531,4.09999999956,4.24102746789,4.6
1532,3.8000000002,4.18093462522,4.7
1533,4.19999999902,4.17276831392,4.1
1534,4.29999999883,4.21517327582,3.9
1535,4.49999999849,4.28368879639,4.0
1536,4.00000000083,4.24342303646,4.1
1537,3.99999999971,4.17549352555,4.6
1538,4.29999999886,4.23668878997,4.1
1539,4.09999999825,4.22168736322,4.1
1540,3.40000000042,3.96515123694,4.1
1541,3.99999999941,4.22165697332,4.4
1542,4.2999999981,4.4020734902,3.8
1543,4.69999999812,4.39049879049,4.3
1544,4.49999999832,4.34495696731,4.1
1545,4.29999999913,4.14736212652,4.1
1546,4.09999999921,4.19200998613,4.1
1547,4.09999999933,4.18433345449,4.4
1548,4.39999999862,3.94851915908,3.8
1549,4.59999999876,4.33424409646,4.3
1550,3.79999999991,4.17368186305,4.4
1551,3.8999999996,4.24036786474,4.2
1552,4.19999999944,4.09351238368,4.4
1553,4.19999999889,4.17782722588,4.3
1554,3.69999999896,4.14289152807,4.1
1555,4.29999999884,4.43930164837,4.0
1556,4.19999999901,4.17526074503,4.2
1557,3.60000000017,4.00711375457,4.1
1558,4.29999999943,3.88189473716,3.9
1559,4.29999999883,4.19247054836,4.4
1560,4.29999999913,4.1662497839,4.6
1561,4.49999999905,4.17403021533,4.5
1562,4.29999999913,3.96095261094,4.5
1563,4.69999999816,4.21450667349,4.8
1564,3.79999999978,3.96238519785,4.4
1565,3.99999999971,4.26615998833,4.5
1566,4.09999999921,4.08826140814,4.5
1567,3.89999999957,4.00504547475,4.6
1568,4.29999999925,4.20221367309,4.5
1569,3.40000000055,3.73031601675,4.5
1570,4.19999999962,3.92423030362,4.5
1571,4.49999999862,4.04701892232,4.4
1572,4.3999999988,4.19406194377,4.7
1573,4.19999999889,4.1860702041,4.5
1574,4.69999999822,4.1739306521,4.2
1575,4.59999999837,4.12087091988,4.4
1576,4.39999999879,4.06280682274,4.6
1577,4.39999999881,4.22001382699,4.3
1578,4.79999999804,4.01850228769,4.3
1579,4.59999999839,4.24094484053,4.2
1580,4.29999999899,4.21647390128,4.6
1581,4.39999999849,4.10833939966,4.4
1582,4.39999999881,4.04704654768,4.4
1583,3.30000000088,4.14120404998,4.5
1584,4.49999999841,4.02761136176,4.4
1585,4.59999999837,4.05482662273,4.3
1586,4.29999999928,4.18695321977,4.6
1587,4.89999999785,4.55220733518,4.3
1588,4.29999999901,4.14368564292,4.2
1589,4.49999999902,4.44313709847,4.2
1590,4.89999999781,4.16359742899,4.5
1591,3.70000000004,4.15748510906,4.5
1592,4.4999999988,3.9807646926,4.5
1593,4.59999999841,4.09349243009,4.7
1594,4.49999999858,4.07561013713,4.7
1595,4.09999999834,4.35788999222,4.5
1596,4.79999999805,4.3276275138,4.4
1597,4.99999999815,4.15150323272,4.3
1598,3.40000000062,4.14295445395,3.8
1599,4.49999999857,4.09887299185,4.6
1600,4.79999999802,4.13114794117,4.6
1601,4.49999999824,4.29686564335,4.4
1602,4.49999999849,4.04439258873,4.3
1603,4.49999999856,4.13903007747,4.1
1604,4.49999999861,4.1168280938,4.3
1605,4.49999999911,4.00777073448,4.4
1606,4.09999999931,4.10115599595,4.6
1607,4.09999999932,4.18715727884,4.3
1608,3.60000000033,4.09373491055,4.4
1609,4.69999999823,4.24834135712,4.7
1610,4.59999999837,4.11583700982,4.5
1611,4.89999999783,4.23009691408,4.4
1612,4.59999999841,4.10111399244,4.6
1613,4.09999999952,4.19050119683,4.5
1614,4.49999999788,4.15186341359,4.4
1615,3.89999999944,4.09981962485,4.6
1616,3.89999999946,4.00228016976,4.5
1617,4.5999999984,4.03380626116,4.5
1618,3.79999999962,4.04789153652,4.3
1619,4.69999999748,4.31540415165,4.5
1620,3.89999999843,4.12211645883,4.6
1621,4.09999999889,4.17248590133,4.4
1622,3.89999999946,3.97320233764,4.4
1623,3.99999999927,3.98751617159,4.5
1624,4.29999999826,4.35342778369,4.7
1625,3.99999999927,4.1549167134,4.6
1626,4.39999999881,4.11878842143,4.5
1627,4.09999999908,4.17253006122,4.5
1628,4.99999999735,3.95188384224,4.7
1629,4.7999999973,4.45972566396,4.5
1630,4.59999999771,4.20540578625,4.8
1631,4.99999999692,4.66314529664,4.7
1632,4.19999999884,4.09436495078,4.4
1633,4.6999999975,4.15504371865,4.6
1634,3.99999999927,4.16793874754,4.5
1635,4.39999999808,4.20382545424,4.6
1636,4.89999999751,4.23335154051,4.7
1637,3.50000000023,3.97709485187,4.6
1638,4.09999999865,4.32923688796,4.5
1639,4.19999999845,4.07051494169,4.6
1640,4.39999999807,4.10522910768,4.5
1641,4.49999999789,4.26370402265,4.6
1642,3.1000000018,3.88556813898,4.4
1643,4.49999999788,4.14806417983,4.7
1644,4.59999999769,4.11361602474,4.3
1645,4.29999999899,4.10544328555,4.3
1646,4.39999999926,4.21826450769,4.4
1647,4.59999999888,4.41815416218,4.3
1648,4.29999999826,4.26127195275,4.5
1649,4.79999999816,3.98196884505,4.4
1650,2.80000000155,4.17005048688,4.5
1651,4.09999999863,4.04778465314,4.4
1652,1.00000000501,4.11530942752,4.5
1653,3.00000000033,4.29787094881,4.6
1654,4.99999999721,4.28766534002,4.7
1655,4.50000000879,4.33717035559,4.6
1656,4.99999999734,4.23856346496,4.4
1657,4.09999999986,4.1552506899,4.4
1658,4.39999999899,4.15411793923,4.5
1659,3.00000000074,4.00288265936,4.6
1660,3.79999999962,4.21878256906,4.3
1661,3.89999999827,4.23876976502,4.5
1662,4.99999999703,4.36085230979,4.5
1663,4.4999999988,3.95354426435,4.4
1664,4.99999999721,4.27769772185,4.5
1665,3.3000000006,4.0468303892,4.2
1666,4.49999999799,4.25081231861,4.5
1667,4.89999999794,4.22127832297,4.4
1668,4.29999999859,4.16790861395,4.7
1669,4.49999999827,4.18545720236,4.2
1670,4.09999999909,4.18436493005,4.5
1671,4.79999999687,4.37342608644,4.5
1672,3.79999999971,4.18755801107,4.6
1673,4.099999999,4.03060309647,4.4
1674,3.89999999951,4.18759744286,4.5
1675,4.20000000042,4.21579289052,4.3
1676,4.1999999988,4.17091331979,4.3
1677,4.7999999977,4.20135015424,4.5
1678,4.09999999906,4.21741835352,4.7
1679,4.09999999908,4.35871888844,4.7
1680,4.00000000105,4.47372920801,4.1
1681,3.89999999942,4.21634481065,4.8
1682,4.0999999995,4.39813350555,4.4
1683,4.09999999914,4.18306601516,4.2
1684,4.19999999873,4.11584140695,4.4
1685,3.70000000014,4.14640951663,4.7
1686,3.89999999975,4.17920493964,4.3
1687,3.89999999956,4.34183912763,4.7
1688,3.59999999996,4.11830674803,4.2
1689,3.69999999983,4.18833039578,4.3
1690,3.59999999993,4.17434146601,4.4
1691,4.29999999858,4.15322084879,4.1
1692,3.89999999939,4.18292625147,4.1
1693,4.49999999859,4.29197852763,4.2
1694,2.60000000221,4.00543919054,4.5
1695,4.39999999898,3.97236112235,4.7
1696,1.00000000506,4.17508223358,4.6
1697,4.19999999936,4.10917646582,4.5
1698,4.79999999773,4.1212330624,3.1
1699,4.99999999734,4.133454181,4.1
1700,4.29999999921,4.18298306659,3.4
1701,4.39999999847,4.15110969779,4.4
1702,4.49999999837,4.22226014512,4.3
1703,4.89999999668,4.52261705269,4.6
1704,4.99999999735,4.33941519506,4.4
1705,4.19999999881,4.22274325623,4.3
1706,4.19999999936,4.13634161492,4.6
1707,3.99999999935,4.20375659358,4.2
1708,2.10000000246,4.06490094154,4.2
1709,4.19999999916,4.16924284536,4.5
1710,2.50000000258,3.90749630239,4.4
1711,4.39999999974,4.20574710549,4.2
1712,4.39999999842,4.06138379912,4.5
1713,4.59999999798,4.01992409747,4.8
1714,4.3999999985,4.22457920914,4.4
1715,4.19999999901,4.20608605182,4.6
1716,4.49999999822,4.11764601856,4.5
1717,3.30000000061,4.21040505222,4.3
1718,3.89999999942,4.13675383899,4.6
1719,4.49999999823,4.14068587522,4.4
1720,4.09999999922,4.41724564952,4.4
1721,4.79999999817,4.27652626106,4.5
1722,4.59999999855,4.13820488409,4.6
1723,4.39999999893,4.14328299801,4.6
1724,3.79999999895,4.21119026439,4.6
1725,3.69999999911,4.26718553072,4.1
1726,4.19999999816,4.19483278648,4.5
1727,3.69999999912,4.38508935671,4.6
1728,4.29999999931,4.2727461264,4.4
1729,4.49999999887,4.11931546414,4.7
1730,3.50000000067,3.99435684254,4.6
1731,3.99999999856,4.20362059325,4.3
1732,4.49999999757,4.51345237153,4.5
1733,2.90000000193,4.05664628743,4.6
1734,3.89999999991,4.2045520335,4.2
1735,3.59999999931,4.37174918159,4.5
1736,4.59999999855,4.17542289159,4.8
1737,2.10000000276,4.07288546144,4.1
1738,4.69999999793,4.3787962937,4.3
1739,4.49999999875,4.25821674462,4.4
1740,4.09999999952,4.18677621013,4.0
1741,4.49999999875,4.17955248271,4.2
1742,3.69999999985,3.96519988307,4.0
1743,2.90000000138,4.14673896208,4.2
1744,3.99999999854,4.2154094523,4.5
1745,4.19999999945,4.08605820696,4.7
1746,3.69999999942,4.07568775889,4.2
1747,3.59999999991,4.10687806846,4.4
1748,3.89999999864,4.1183272809,4.6
1749,3.39999999969,4.07235438115,4.9
1750,3.50000000073,4.18593329051,4.4
1751,4.19999999958,4.20508515577,4.5
1752,3.39999999967,4.24159825922,4.6
1753,3.8999999999,4.13389163404,4.2
1754,3.00000000107,4.11113363403,4.5
1755,3.60000000052,3.93529503951,4.6
1756,3.2000000008,4.10590857204,4.6
1757,4.09999999834,4.18349969717,4.5
1758,4.09999999902,4.13298390315,4.4
1759,4.19999999883,4.12716581352,4.6
1760,4.19999999937,3.94650672632,4.5
1761,4.69999999783,4.19515334438,4.6
1762,4.59999999704,4.12413720564,4.4
1763,4.49999999824,4.22763978271,4.4
1764,4.29999999873,4.27679827874,4.3
1765,4.49999999878,3.95103850582,4.3
1766,4.49999999867,4.20054159308,4.6
1767,4.39999999845,4.22668131768,4.3
1768,4.29999999871,4.17873942485,4.3
1769,4.19999999885,4.06222843628,4.6
1770,3.70000000032,4.12150284382,4.5
1771,4.09999999918,4.18111748944,4.5
1772,4.29999999868,4.22188573216,4.2
1773,3.99999999941,4.19392155037,4.7
1774,3.50000000013,4.06833385441,4.3
1775,4.19999999893,4.1739755121,4.0
1776,4.39999999916,4.29976928492,4.4
1777,4.19999999876,4.12779116709,4.3
1778,4.39999999898,4.20968577303,4.6
1779,3.7999999996,4.24872319044,4.7
1780,3.89999999947,4.19628123378,4.4
1781,4.00000000051,4.20445204676,4.7
1782,3.79999999965,4.21445398693,4.4
1783,3.59999999992,3.94322680056,4.3
1784,4.19999999944,3.95043078857,4.2
1785,3.79999999958,4.193763003,4.4
1786,3.69999999977,4.13704470319,4.5
1787,3.99999999935,4.19300524269,4.5
1788,4.19999999885,4.25454995666,4.5
1789,4.39999999856,4.16819400832,4.4
1790,4.39999999866,4.53660457211,4.3
1791,4.89999999783,4.22076280818,4.5
1792,4.99999999649,4.74207150645,4.7
1793,4.79999999818,4.51029424782,4.7
1794,3.99999999884,4.14017815888,4.6
1795,3.99999999976,4.18186375707,4.6
1796,4.89999999783,4.20257357909,4.4
1797,3.79999999962,4.17667325468,4.4
1798,4.89999999752,4.25386785886,4.7
1799,1.50000000435,4.15878237908,4.6
1800,4.99999999766,4.37552425228,4.5
1801,4.79999999815,4.11689217674,4.3
1802,3.89999999984,4.19112236647,4.3
1803,3.70000000016,4.00710513473,4.3
1804,4.59999999839,4.2201007382,4.6
1805,4.69999999791,4.04037762648,4.8
1806,4.59999999812,4.21147638117,4.5
1807,4.29999999865,4.08016928792,4.4
1808,4.19999999889,4.15563677679,4.5
1809,4.59999999812,4.02608154003,4.5
1810,4.69999999847,4.1435607322,4.6
1811,4.59999999891,3.95408597138,4.6
1812,2.00000000307,4.07412791084,4.6
1813,3.59999999987,4.03939652199,4.6
1814,3.20000000123,4.06219402128,4.7
1815,3.80000000028,4.07422335755,4.5
1816,3.99999999956,4.12406660893,4.5
1817,3.80000000034,3.73252865855,4.5
1818,3.79999999879,4.10149146921,4.6
1819,4.39999999905,4.10958505776,4.5
1820,4.39999999878,4.19938544918,4.4
1821,4.3999999985,3.88520833226,4.4
1822,3.7999999999,4.21906590371,4.6
1823,4.29999999905,4.06090352981,4.7
1824,4.59999999718,4.31798709139,4.5
1825,1.00000000541,4.16857102797,4.4
1826,3.19999999988,4.25215300628,4.6
1827,4.6999999978,4.14011093721,4.7
1828,4.29999999899,4.12883701153,4.6
1829,4.49999999832,4.22893979057,4.5
1830,4.09999999908,4.15039339453,4.4
1831,4.89999999753,4.14472083938,4.5
1832,4.09999999988,4.16689670055,4.3
1833,4.19999999938,4.21474856047,4.5
1834,3.49999999993,4.21249015415,4.2
1835,4.19999999923,4.01774941036,4.5
1836,4.9999999972,4.24491862567,4.3
1837,3.79999999997,4.0847974355,4.4
1838,4.6999999982,4.06340280048,4.7
1839,4.4999999991,3.95307466704,4.6
1840,4.99999999719,4.25440934122,4.7
1841,3.30000000086,3.93529852235,4.6
1842,4.99999999723,4.55849397302,4.4
1843,3.99999999927,3.99776781616,4.6
1844,4.4999999991,3.95762371833,4.5
1845,3.20000000068,4.19850855838,4.3
1846,4.49999999914,4.20533037235,4.5
1847,4.19999999874,4.10377328684,4.5
1848,3.69999999978,4.11665284975,4.6
1849,3.80000000044,3.94085616209,4.6
1850,4.99999999771,4.25457262839,4.3
1851,4.09999999894,4.13575776057,4.6
1852,2.90000000052,4.00726041016,4.5
1853,4.69999999748,4.31616900242,4.7
1854,4.99999999725,4.23181954788,4.5
1855,3.20000000046,4.02874335089,4.7
1856,3.79999999965,3.9814081857,4.7
1857,3.80000000002,3.95217478098,4.6
1858,4.59999999847,4.2037306931,4.4
1859,4.59999999892,3.93408528849,4.3
1860,4.40000000102,4.58832022107,4.5
1861,4.79999999759,4.26092363542,4.3
1862,4.19999999975,4.02190948518,4.4
1863,3.30000000137,4.02706742925,4.2
1864,3.89999999945,4.18030075042,4.3
1865,4.4999999991,4.18840871518,4.5
1866,3.89999999964,4.16616449336,4.4
1867,4.29999999822,4.10311303518,4.7
1868,4.39999999837,4.02181700727,4.2
1869,3.89999999978,4.45046425667,4.1
1870,4.59999999902,4.36020685385,4.5
1871,3.90000000028,4.16479818769,4.5
1872,3.40000000066,3.95554171894,4.5
1873,4.59999999805,4.12345887002,4.1
1874,4.19999999901,4.18225101381,4.3
1875,4.79999999772,4.15228146953,4.5
1876,4.99999999783,4.14176943461,4.4
1877,4.99999999649,4.77772471997,4.5
1878,3.79999999952,4.21832444568,4.6
1879,2.90000000096,4.0532186119,4.0
1880,4.59999999836,4.19632421257,4.3
1881,3.80000000015,4.11127636542,4.5
1882,4.09999999914,4.42364445852,4.4
1883,4.49999999819,4.18287345439,4.4
1884,4.19999999939,2.72608722294,4.6
1885,2.50000000265,-1.04744779864,4.2
1886,3.50000000073,4.12177342208,4.5
1887,4.59999999808,4.5223678256,4.6
1888,4.3999999993,4.17367034616,4.5
1889,4.59999999866,4.14262875385,4.7
1890,4.29999999875,4.41276217239,4.5
1891,4.19999999924,4.1833942449,4.5
1892,4.19999999889,4.31996138213,4.5
1893,4.09999999908,4.06965445315,4.4
1894,4.19999999876,4.1689587576,4.6
1895,4.29999999916,4.2472647608,4.3
1896,4.49999999875,4.22085159553,4.4
1897,4.39999999863,4.17215039509,4.3
1898,4.99999999785,4.51118783488,4.7
1899,4.59999999812,4.37002527827,4.7
1900,4.99999999727,4.28639369826,4.4
1901,3.40000000034,4.21991781766,4.3
1902,4.59999999726,4.85752290706,4.4
1903,4.50000000148,4.21092105116,4.5
1904,3.80000000044,4.21100672821,4.5
1905,4.09999999895,4.15634919695,4.4
1906,4.39999999873,4.32663049671,4.4
1907,4.39999999911,4.06271213729,4.6
1908,4.39999999875,4.20478101844,4.6
1909,3.00000000052,4.16498093763,4.4
1910,4.19999999943,4.21363405356,4.6
1911,4.19999999877,4.1621345259,4.2
1912,3.89999999902,4.1058278041,4.4
1913,4.19999999873,4.22505233311,4.6
1914,4.39999999783,4.27855078292,4.6
1915,4.99999999727,4.27915506567,4.7
1916,3.99999999975,4.12030399848,4.5
1917,4.29999999916,4.19600755729,4.2
1918,4.59999999719,4.17854655481,4.6
1919,3.6000000009,3.79412028636,4.7
1920,4.39999999877,4.23228492231,4.6
1921,4.09999999949,4.02760631444,4.3
1922,4.19999999983,4.2481981189,4.6
1923,4.29999999914,4.26734083472,4.4
1924,4.49999999828,3.9822429667,4.4
1925,3.89999999963,4.2342267368,4.5
1926,4.29999999914,4.26157881873,4.2
1927,3.50000000073,4.0691206903,4.4
1928,4.00000000007,4.19645792509,4.3
1929,3.79999999958,4.07954703528,4.7
1930,3.59999999927,4.18420761814,4.5
1931,4.29999999955,4.26245307994,4.4
1932,4.19999999934,4.18861253494,4.5
1933,4.99999999722,4.27959195365,4.4
1934,3.40000000043,3.83235710407,4.4
1935,3.50000000073,3.87765884844,4.5
1936,3.69999999975,4.21311183791,4.6
1937,4.19999999932,4.22175328658,4.5
1938,3.59999999958,4.14461362285,4.3
1939,4.49999999855,4.26232303267,4.7
1940,4.19999999803,4.17903860819,4.4
1941,4.29999999956,4.15868423086,4.5
1942,4.39999999894,3.98911524522,4.2
1943,2.7000000021,3.97659807917,4.5
1944,4.09999999953,4.19429821767,4.5
1945,4.3999999982,4.38812503703,4.7
1946,4.49999999832,4.22272461441,4.4
1947,3.40000000055,4.14673255412,4.3
1948,2.90000000181,4.12820129233,4.6
1949,4.79999999722,4.28918537173,3.9
1950,3.79999999969,4.04238458704,4.2
1951,3.99999999915,4.01124517263,4.5
1952,3.90000000002,3.83181132998,4.3
1953,4.99999999726,4.26436146916,4.5
1954,3.89999999941,4.16451633099,4.4
1955,3.99999999922,4.16874460395,4.4
1956,3.59999999993,4.13281659144,4.8
1957,4.09999999901,4.22266898778,4.4
1958,4.30000000017,4.42353135689,4.4
1959,3.79999999958,3.95053332359,4.3
1960,4.19999999872,3.95779403587,4.6
1961,4.29999999898,4.23540792833,4.1
1962,4.19999999888,4.2923733583,4.5
1963,4.19999999932,4.15585562624,4.5
1964,4.09999999895,3.95376791253,4.5
1965,3.99999999914,3.94208207741,4.0
1966,4.09999999832,4.07856885378,4.5
1967,3.99999999916,4.01873506598,4.6
1968,4.19999999885,4.2225199502,4.5
1969,4.39999999838,4.25921799072,4.5
1970,4.19999999933,4.3695346959,4.5
1971,4.69999999847,4.35238167582,4.4
1972,4.59999999799,4.24012347706,4.7
1973,4.69999999805,4.19447459253,4.5
1974,4.0999999995,4.05361388143,4.5
1975,4.89999999752,4.23994837409,4.2
1976,3.99999999923,4.04448599835,4.3
1977,4.29999999862,4.29590533242,4.5
1978,4.19999999882,4.23891156882,4.2
1979,4.29999999855,4.25585193492,4.3
1980,4.69999999862,5.29536832807,4.4
1981,4.79999999684,4.30984088656,4.6
1982,4.09999999907,4.21284351471,4.6
1983,3.99999999923,3.98732495505,4.5
1984,4.19999999797,4.1966887716,4.2
1985,3.9999999997,4.14361046286,4.5
1986,3.29999999969,3.95518766916,4.6
1987,4.99999999734,4.13942742845,4.6
1988,3.99999999956,4.21723175498,4.1
1989,4.19999999887,4.08461883764,4.5
1990,3.39999999961,4.06501559181,4.6
1991,4.59999999719,4.23634133582,4.6
1992,3.80000000046,4.16811836996,4.5
1993,3.80000000034,4.18932693399,4.3
1994,4.79999999681,5.5999856785,3.8
1995,3.99999999927,4.15250325366,4.5
1996,4.49999999823,4.18450434192,4.1
1997,4.99999999735,4.40598158955,4.8
1998,4.49999999739,3.82958818998,3.9
1999,4.49999999893,4.28750227537,4.5
